promotion_id,promotion_name,product_id,discount_percent,start_date,end_date,status
PR0001,Summer Sale,P0056,30,2025-03-22,2025-03-30,Expired
PR0002,Ramadan Offer,P0099,15,2025-03-27,2025-04-18,Expired
PR0003,Ramadan Offer,P0072,15,2026-02-15,2026-03-01,Expired
PR0004,Ramadan Offer,P0360,15,2025-06-29,2025-07-25,Expired
PR0005,Buy More Save More,P0090,25,2024-09-19,2024-10-02,Expired
PR0006,Family Pack Offer,P0841,20,2026-04-15,2026-04-24,Expired
PR0007,Ramadan Offer,P0747,15,2025-09-23,2025-10-04,Expired
PR0008,New Arrival Offer,P0634,30,2025-09-04,2025-09-25,Expired
PR0009,Ramadan Offer,P0546,15,2025-07-07,2025-08-02,Expired
PR0010,New Arrival Offer,P0718,15,2025-02-06,2025-03-05,Expired
PR0011,Weekend Sale,P0730,10,2026-05-24,2026-06-04,Expired
PR0012,Mega Discount,P0047,5,2026-06-09,2026-07-03,Expired
PR0013,Ramadan Offer,P0506,30,2026-02-10,2026-03-02,Active
PR0014,Mega Discount,P0828,20,2025-07-04,2025-07-29,Expired
PR0015,New Arrival Offer,P0552,30,2025-06-21,2025-07-14,Expired
PR0016,New Arrival Offer,P0596,5,2026-02-22,2026-03-08,Active
PR0017,Festive Offer,P0893,10,2025-03-29,2025-04-08,Expired
PR0018,Flash Sale,P0258,25,2025-01-13,2025-02-09,Active
PR0019,Flash Sale,P0104,15,2024-09-06,2024-09-20,Expired
PR0020,Buy More Save More,P0712,5,2025-10-01,2025-10-31,Active
PR0021,Mega Discount,P0515,15,2024-11-03,2024-11-27,Expired
PR0022,Ramadan Offer,P0422,10,2026-04-18,2026-05-14,Expired
PR0023,Festive Offer,P0757,25,2026-07-11,2026-08-08,Expired
PR0024,Mega Discount,P0171,20,2026-02-17,2026-03-17,Active
PR0025,Loyalty Bonus,P0073,25,2025-02-01,2025-02-24,Active
PR0026,Mega Discount,P0297,20,2025-08-03,2025-08-28,Expired
PR0027,Buy More Save More,P0289,20,2025-12-09,2025-12-28,Expired
PR0028,Festive Offer,P0033,5,2025-12-09,2025-12-27,Expired
PR0029,Mega Discount,P0141,15,2024-11-14,2024-11-28,Expired
PR0030,Mega Discount,P0096,5,2026-02-09,2026-02-20,Expired
PR0031,Festive Offer,P0138,5,2025-11-03,2025-11-22,Active
PR0032,Ramadan Offer,P0716,10,2025-07-04,2025-07-14,Expired
PR0033,Festive Offer,P0776,10,2024-09-08,2024-10-08,Expired
PR0034,Summer Sale,P0801,30,2025-08-11,2025-09-06,Expired
PR0035,Loyalty Bonus,P0604,10,2026-03-12,2026-04-09,Expired
PR0036,Ramadan Offer,P0663,25,2026-07-20,2026-07-29,Expired
PR0037,Flash Sale,P0176,30,2025-03-26,2025-04-05,Expired
PR0038,Flash Sale,P0169,20,2025-04-05,2025-04-20,Active
PR0039,Summer Sale,P0048,20,2026-03-03,2026-03-15,Active
PR0040,Weekend Sale,P0521,5,2026-04-30,2026-05-27,Expired
PR0041,Summer Sale,P0760,10,2026-06-27,2026-07-07,Expired
PR0042,New Arrival Offer,P0066,15,2026-05-22,2026-06-20,Expired
PR0043,Family Pack Offer,P0451,25,2026-02-10,2026-02-24,Expired
PR0044,Mega Discount,P0561,30,2026-01-25,2026-02-16,Expired
PR0045,New Arrival Offer,P0224,15,2024-10-07,2024-10-30,Expired
PR0046,Buy More Save More,P0361,5,2025-02-02,2025-02-18,Expired
PR0047,Weekend Sale,P0036,25,2024-10-29,2024-11-21,Expired
PR0048,Flash Sale,P0636,30,2025-11-06,2025-11-23,Expired
PR0049,Mega Discount,P0789,10,2024-08-21,2024-09-13,Expired
PR0050,Weekend Sale,P0408,15,2024-09-14,2024-10-09,Expired
PR0051,New Arrival Offer,P0697,5,2024-12-11,2024-12-28,Expired
PR0052,Festive Offer,P0868,15,2024-10-04,2024-10-31,Active
PR0053,Festive Offer,P0593,30,2025-11-07,2025-11-18,Expired
PR0054,Buy More Save More,P0156,15,2024-11-29,2024-12-18,Expired
PR0055,Loyalty Bonus,P0082,5,2025-01-24,2025-02-02,Active
PR0056,Weekend Sale,P0870,10,2026-04-14,2026-05-08,Expired
PR0057,Festive Offer,P0280,15,2025-06-02,2025-06-10,Expired
PR0058,Mega Discount,P0464,10,2025-07-31,2025-08-07,Expired
PR0059,Buy More Save More,P0010,5,2025-09-19,2025-10-02,Expired
PR0060,Flash Sale,P0863,25,2025-08-04,2025-09-01,Expired
PR0061,Family Pack Offer,P0797,25,2025-08-10,2025-09-06,Expired
PR0062,New Arrival Offer,P0335,5,2026-04-18,2026-05-02,Expired
PR0063,Buy More Save More,P0067,30,2026-01-08,2026-01-23,Expired
PR0064,Flash Sale,P0316,5,2024-07-28,2024-08-05,Expired
PR0065,Loyalty Bonus,P0228,20,2025-04-25,2025-05-18,Expired
PR0066,Summer Sale,P0761,15,2026-03-02,2026-03-23,Expired
PR0067,Ramadan Offer,P0369,25,2025-06-05,2025-06-20,Expired
PR0068,Buy More Save More,P0448,30,2026-04-30,2026-05-14,Expired
PR0069,Festive Offer,P0814,5,2025-10-25,2025-11-07,Expired
PR0070,New Arrival Offer,P0227,5,2025-04-09,2025-05-08,Expired
PR0071,Family Pack Offer,P0042,20,2025-10-09,2025-10-16,Active
PR0072,Buy More Save More,P0853,10,2025-11-03,2025-11-25,Expired
PR0073,Ramadan Offer,P0330,30,2025-11-06,2025-12-02,Expired
PR0074,Family Pack Offer,P0584,20,2025-02-21,2025-03-09,Expired
PR0075,Loyalty Bonus,P0796,30,2026-02-09,2026-02-18,Expired
PR0076,Family Pack Offer,P0766,15,2025-04-12,2025-04-28,Expired
PR0077,Weekend Sale,P0674,25,2026-07-24,2026-08-18,Active
PR0078,Flash Sale,P0017,10,2025-10-26,2025-11-15,Expired
PR0079,New Arrival Offer,P0279,10,2025-10-18,2025-11-01,Expired
PR0080,Summer Sale,P0876,5,2026-02-27,2026-03-20,Expired
PR0081,Flash Sale,P0725,10,2025-11-21,2025-12-18,Active
PR0082,Flash Sale,P0780,5,2024-09-10,2024-09-27,Expired
PR0083,Family Pack Offer,P0523,15,2025-12-05,2026-01-02,Expired
PR0084,Festive Offer,P0690,25,2025-08-19,2025-08-26,Expired
PR0085,Loyalty Bonus,P0607,10,2026-03-15,2026-04-02,Expired
PR0086,Flash Sale,P0008,5,2026-06-17,2026-07-04,Expired
PR0087,Festive Offer,P0118,15,2025-12-07,2025-12-26,Expired
PR0088,Festive Offer,P0421,15,2026-04-01,2026-04-19,Expired
PR0089,Family Pack Offer,P0506,20,2026-03-31,2026-04-14,Expired
PR0090,Flash Sale,P0748,20,2025-01-08,2025-02-03,Active
PR0091,Buy More Save More,P0545,30,2025-10-02,2025-11-01,Active
PR0092,Festive Offer,P0050,15,2025-05-09,2025-05-18,Expired
PR0093,Summer Sale,P0490,20,2025-08-09,2025-08-28,Expired
PR0094,Summer Sale,P0453,20,2026-06-23,2026-07-17,Expired
PR0095,Weekend Sale,P0858,25,2026-01-21,2026-01-30,Expired
PR0096,Mega Discount,P0183,10,2026-03-02,2026-03-22,Expired
PR0097,New Arrival Offer,P0712,20,2024-10-15,2024-10-27,Expired
PR0098,Flash Sale,P0241,15,2025-12-12,2025-12-31,Expired
PR0099,Festive Offer,P0270,25,2025-12-27,2026-01-16,Expired
PR0100,New Arrival Offer,P0321,15,2024-11-17,2024-12-06,Expired
